source,Oryginalna liczba,Liczba w treningu,Procent użycia
boarderline,99,48,48.484848484848484
gan,110,53,48.18181818181818
original,216,198,91.66666666666666
smote,81,48,59.25925925925925
